{
  "PUT - Change Data Product By ID" : {
    "transaction" : "PUT - Change Data Product By ID",
    "sampleCount" : 200,
    "errorCount" : 0,
    "errorPct" : 0.0,
    "meanResTime" : 4007.980000000002,
    "medianResTime" : 4034.0,
    "minResTime" : 516.0,
    "maxResTime" : 7736.0,
    "pct1ResTime" : 5757.7,
    "pct2ResTime" : 6245.95,
    "pct3ResTime" : 6962.280000000004,
    "throughput" : 0.2887402838894471,
    "receivedKBytesPerSec" : 0.5227369326072959,
    "sentKBytesPerSec" : 61.19967053831295
  },
  "POST - Create Product" : {
    "transaction" : "POST - Create Product",
    "sampleCount" : 200,
    "errorCount" : 0,
    "errorPct" : 0.0,
    "meanResTime" : 3676.88,
    "medianResTime" : 3685.5,
    "minResTime" : 721.0,
    "maxResTime" : 5763.0,
    "pct1ResTime" : 4981.900000000001,
    "pct2ResTime" : 5217.549999999998,
    "pct3ResTime" : 5725.93,
    "throughput" : 0.2890566059551442,
    "receivedKBytesPerSec" : 0.5238445278332606,
    "sentKBytesPerSec" : 61.26415598271297
  },
  "PUT - Accepted Offers Product" : {
    "transaction" : "PUT - Accepted Offers Product",
    "sampleCount" : 200,
    "errorCount" : 200,
    "errorPct" : 100.0,
    "meanResTime" : 5080.680000000003,
    "medianResTime" : 5477.0,
    "minResTime" : 243.0,
    "maxResTime" : 9008.0,
    "pct1ResTime" : 7232.8,
    "pct2ResTime" : 7512.75,
    "pct3ResTime" : 8255.450000000003,
    "throughput" : 0.2912636912138851,
    "receivedKBytesPerSec" : 0.4533075631714538,
    "sentKBytesPerSec" : 0.5386415670787562
  },
  "GET - Offers Product" : {
    "transaction" : "GET - Offers Product",
    "sampleCount" : 200,
    "errorCount" : 0,
    "errorPct" : 0.0,
    "meanResTime" : 2799.624999999999,
    "medianResTime" : 2996.0,
    "minResTime" : 36.0,
    "maxResTime" : 5701.0,
    "pct1ResTime" : 4027.8,
    "pct2ResTime" : 4422.799999999999,
    "pct3ResTime" : 5261.88,
    "throughput" : 0.29095352744782843,
    "receivedKBytesPerSec" : 0.35460245292008236,
    "sentKBytesPerSec" : 0.25417802446191784
  },
  "GET - List Category" : {
    "transaction" : "GET - List Category",
    "sampleCount" : 200,
    "errorCount" : 0,
    "errorPct" : 0.0,
    "meanResTime" : 2379.8150000000014,
    "medianResTime" : 2278.0,
    "minResTime" : 130.0,
    "maxResTime" : 5674.0,
    "pct1ResTime" : 3776.3,
    "pct2ResTime" : 4263.15,
    "pct3ResTime" : 5274.88,
    "throughput" : 0.2944332968726768,
    "receivedKBytesPerSec" : 0.30765979263062904,
    "sentKBytesPerSec" : 0.25515347979672326
  },
  "DELETE - Product By ID" : {
    "transaction" : "DELETE - Product By ID",
    "sampleCount" : 200,
    "errorCount" : 0,
    "errorPct" : 0.0,
    "meanResTime" : 2991.695,
    "medianResTime" : 3013.0,
    "minResTime" : 303.0,
    "maxResTime" : 6663.0,
    "pct1ResTime" : 4292.0,
    "pct2ResTime" : 4713.45,
    "pct3ResTime" : 5469.330000000003,
    "throughput" : 0.2897005654955038,
    "receivedKBytesPerSec" : 0.2826843799249096,
    "sentKBytesPerSec" : 0.27222517103197136
  },
  "PUT - Accepted Offers Product-1" : {
    "transaction" : "PUT - Accepted Offers Product-1",
    "sampleCount" : 200,
    "errorCount" : 200,
    "errorPct" : 100.0,
    "meanResTime" : 2508.1449999999995,
    "medianResTime" : 2707.5,
    "minResTime" : 30.0,
    "maxResTime" : 5502.0,
    "pct1ResTime" : 3782.0,
    "pct2ResTime" : 4288.9,
    "pct3ResTime" : 5212.430000000004,
    "throughput" : 0.2918941008202224,
    "receivedKBytesPerSec" : 0.10575460098076418,
    "sentKBytesPerSec" : 0.25760224503050294
  },
  "PUT - Accepted Offers Product-0" : {
    "transaction" : "PUT - Accepted Offers Product-0",
    "sampleCount" : 200,
    "errorCount" : 0,
    "errorPct" : 0.0,
    "meanResTime" : 2572.335000000001,
    "medianResTime" : 2723.0,
    "minResTime" : 38.0,
    "maxResTime" : 5020.0,
    "pct1ResTime" : 3759.7,
    "pct2ResTime" : 4256.0,
    "pct3ResTime" : 4928.350000000001,
    "throughput" : 0.29135916135178996,
    "receivedKBytesPerSec" : 0.3478953579930016,
    "sentKBytesPerSec" : 0.28168797200184137
  },
  "POST - Sign Up" : {
    "transaction" : "POST - Sign Up",
    "sampleCount" : 200,
    "errorCount" : 8,
    "errorPct" : 4.0,
    "meanResTime" : 4374.529999999999,
    "medianResTime" : 4519.0,
    "minResTime" : 777.0,
    "maxResTime" : 7771.0,
    "pct1ResTime" : 6243.7,
    "pct2ResTime" : 6777.95,
    "pct3ResTime" : 7755.840000000003,
    "throughput" : 0.2964460564522225,
    "receivedKBytesPerSec" : 0.49379546509792355,
    "sentKBytesPerSec" : 0.218269988987029
  },
  "GET - Profile" : {
    "transaction" : "GET - Profile",
    "sampleCount" : 400,
    "errorCount" : 0,
    "errorPct" : 0.0,
    "meanResTime" : 2799.604999999999,
    "medianResTime" : 2762.0,
    "minResTime" : 83.0,
    "maxResTime" : 5711.0,
    "pct1ResTime" : 4220.6,
    "pct2ResTime" : 4748.95,
    "pct3ResTime" : 5515.89,
    "throughput" : 0.5697153559652759,
    "receivedKBytesPerSec" : 0.7035317010988384,
    "sentKBytesPerSec" : 0.49251169251750093
  },
  "POST - Sign In Buyer" : {
    "transaction" : "POST - Sign In Buyer",
    "sampleCount" : 200,
    "errorCount" : 0,
    "errorPct" : 0.0,
    "meanResTime" : 3216.4149999999986,
    "medianResTime" : 3260.0,
    "minResTime" : 232.0,
    "maxResTime" : 6512.0,
    "pct1ResTime" : 4645.200000000001,
    "pct2ResTime" : 5392.299999999998,
    "pct3ResTime" : 6470.780000000004,
    "throughput" : 0.2888470381624707,
    "receivedKBytesPerSec" : 0.4971257801577971,
    "sentKBytesPerSec" : 0.22020637579288513
  },
  "GET - List Product By ID" : {
    "transaction" : "GET - List Product By ID",
    "sampleCount" : 200,
    "errorCount" : 0,
    "errorPct" : 0.0,
    "meanResTime" : 3116.1599999999994,
    "medianResTime" : 3245.5,
    "minResTime" : 541.0,
    "maxResTime" : 6209.0,
    "pct1ResTime" : 4269.8,
    "pct2ResTime" : 4816.149999999999,
    "pct3ResTime" : 5527.4800000000005,
    "throughput" : 0.2887298628966246,
    "receivedKBytesPerSec" : 0.5045356980188801,
    "sentKBytesPerSec" : 0.2504872542006586
  },
  "POST - Create Product Delete" : {
    "transaction" : "POST - Create Product Delete",
    "sampleCount" : 200,
    "errorCount" : 0,
    "errorPct" : 0.0,
    "meanResTime" : 3520.834999999999,
    "medianResTime" : 3701.0,
    "minResTime" : 453.0,
    "maxResTime" : 5781.0,
    "pct1ResTime" : 5001.2,
    "pct2ResTime" : 5228.0,
    "pct3ResTime" : 5745.79,
    "throughput" : 0.28988364070662037,
    "receivedKBytesPerSec" : 0.5252159361357351,
    "sentKBytesPerSec" : 61.43947315641252
  },
  "POST - Offers Product" : {
    "transaction" : "POST - Offers Product",
    "sampleCount" : 200,
    "errorCount" : 0,
    "errorPct" : 0.0,
    "meanResTime" : 3425.5650000000014,
    "medianResTime" : 3580.0,
    "minResTime" : 241.0,
    "maxResTime" : 7483.0,
    "pct1ResTime" : 4747.0,
    "pct2ResTime" : 5250.8,
    "pct3ResTime" : 5936.240000000002,
    "throughput" : 0.2899815716711203,
    "receivedKBytesPerSec" : 0.7703060275207011,
    "sentKBytesPerSec" : 0.291088825523888
  },
  "GET - List Product" : {
    "transaction" : "GET - List Product",
    "sampleCount" : 200,
    "errorCount" : 0,
    "errorPct" : 0.0,
    "meanResTime" : 4040.6649999999986,
    "medianResTime" : 4212.0,
    "minResTime" : 544.0,
    "maxResTime" : 8234.0,
    "pct1ResTime" : 5500.4,
    "pct2ResTime" : 5960.199999999997,
    "pct3ResTime" : 7677.160000000002,
    "throughput" : 0.2889121302647013,
    "receivedKBytesPerSec" : 3.705553408025546,
    "sentKBytesPerSec" : 0.24975099385772812
  },
  "Total" : {
    "transaction" : "Total",
    "sampleCount" : 4200,
    "errorCount" : 416,
    "errorPct" : 9.904762,
    "meanResTime" : 3563.529761904765,
    "medianResTime" : 3491.5,
    "minResTime" : 30.0,
    "maxResTime" : 22732.0,
    "pct1ResTime" : 5761.9,
    "pct2ResTime" : 6491.0,
    "pct3ResTime" : 7735.99,
    "throughput" : 5.932857009670556,
    "receivedKBytesPerSec" : 11.845134973379835,