{
  "POST - Create Product for Delete" : {
    "transaction" : "POST - Create Product for Delete",
    "sampleCount" : 200,
    "errorCount" : 0,
    "errorPct" : 0.0,
    "meanResTime" : 6678.709999999998,
    "medianResTime" : 6722.5,
    "minResTime" : 2471.0,
    "maxResTime" : 12460.0,
    "pct1ResTime" : 9466.3,
    "pct2ResTime" : 10442.75,
    "pct3ResTime" : 11275.58,
    "throughput" : 0.3200071681605668,
    "receivedKBytesPerSec" : 0.20969219710521517,
    "sentKBytesPerSec" : 32.3911755623326
  },
  "POST - Create Product" : {
    "transaction" : "POST - Create Product",
    "sampleCount" : 200,
    "errorCount" : 0,
    "errorPct" : 0.0,
    "meanResTime" : 8899.835000000006,
    "medianResTime" : 8880.5,
    "minResTime" : 3223.0,
    "maxResTime" : 15803.0,
    "pct1ResTime" : 12485.6,
    "pct2ResTime" : 13422.849999999999,
    "pct3ResTime" : 15676.680000000006,
    "throughput" : 0.3180793098951292,
    "receivedKBytesPerSec" : 0.20998204442295643,
    "sentKBytesPerSec" : 32.197652693972714
  },
  "POST - Sign In Seller" : {
    "transaction" : "POST - Sign In Seller",
    "sampleCount" : 200,
    "errorCount" : 0,
    "errorPct" : 0.0,
    "meanResTime" : 3118.235000000002,
    "medianResTime" : 2770.0,
    "minResTime" : 977.0,
    "maxResTime" : 8743.0,
    "pct1ResTime" : 4734.8,
    "pct2ResTime" : 5503.7,
    "pct3ResTime" : 8022.0400000000045,
    "throughput" : 0.32127791503484254,
    "receivedKBytesPerSec" : 0.15656023398670552,
    "sentKBytesPerSec" : 0.08973191767574705
  },
  "GET - See Order Product" : {
    "transaction" : "GET - See Order Product",
    "sampleCount" : 200,
    "errorCount" : 0,
    "errorPct" : 0.0,
    "meanResTime" : 2356.3550000000005,
    "medianResTime" : 2038.0,
    "minResTime" : 247.0,
    "maxResTime" : 6758.0,
    "pct1ResTime" : 3518.0,
    "pct2ResTime" : 4499.95,
    "pct3ResTime" : 6479.480000000004,
    "throughput" : 0.3314265260534392,
    "receivedKBytesPerSec" : 0.38709582535147785,
    "sentKBytesPerSec" : 0.10745469399388849
  },
  "DELETE - List Product By ID" : {
    "transaction" : "DELETE - List Product By ID",
    "sampleCount" : 200,
    "errorCount" : 0,
    "errorPct" : 0.0,
    "meanResTime" : 5150.689999999997,
    "medianResTime" : 4581.0,
    "minResTime" : 2231.0,
    "maxResTime" : 13484.0,
    "pct1ResTime" : 8014.7,
    "pct2ResTime" : 9714.549999999997,
    "pct3ResTime" : 13243.610000000006,
    "throughput" : 0.31989149280564033,
    "receivedKBytesPerSec" : 0.09746693921421853,
    "sentKBytesPerSec" : 0.13307985931172148
  },
  "GET - Product List" : {
    "transaction" : "GET - Product List",
    "sampleCount" : 200,
    "errorCount" : 0,
    "errorPct" : 0.0,
    "meanResTime" : 3340.750000000001,
    "medianResTime" : 3245.0,
    "minResTime" : 786.0,
    "maxResTime" : 7223.0,
    "pct1ResTime" : 5228.0,
    "pct2ResTime" : 5691.499999999998,
    "pct3ResTime" : 6990.510000000002,
    "throughput" : 0.32220283635156843,
    "receivedKBytesPerSec" : 0.22969538138344234,
    "sentKBytesPerSec" : 0.12397257570558394
  },
  "POST - Sign In Buyer" : {
    "transaction" : "POST - Sign In Buyer",
    "sampleCount" : 200,
    "errorCount" : 0,
    "errorPct" : 0.0,
    "meanResTime" : 2958.2950000000005,
    "medianResTime" : 2800.0,
    "minResTime" : 764.0,
    "maxResTime" : 6445.0,
    "pct1ResTime" : 4280.2,
    "pct2ResTime" : 4936.449999999998,
    "pct3ResTime" : 5785.570000000001,
    "throughput" : 0.3205364498023893,
    "receivedKBytesPerSec" : 0.15525984287303232,
    "sentKBytesPerSec" : 0.08921180487664156
  },
  "POST - Buy Product" : {
    "transaction" : "POST - Buy Product",
    "sampleCount" : 200,
    "errorCount" : 0,
    "errorPct" : 0.0,
    "meanResTime" : 6538.244999999997,
    "medianResTime" : 5994.5,
    "minResTime" : 389.0,
    "maxResTime" : 12785.0,
    "pct1ResTime" : 10252.8,
    "pct2ResTime" : 11241.9,
    "pct3ResTime" : 12719.98,
    "throughput" : 0.32667781726949613,
    "receivedKBytesPerSec" : 0.21374427497125234,
    "sentKBytesPerSec" : 0.14005035330205937
  },
  "GET - List Product By ID" : {
    "transaction" : "GET - List Product By ID",
    "sampleCount" : 200,
    "errorCount" : 0,
    "errorPct" : 0.0,
    "meanResTime" : 4330.130000000001,
    "medianResTime" : 3949.5,
    "minResTime" : 1059.0,
    "maxResTime" : 9907.0,
    "pct1ResTime" : 7014.200000000001,
    "pct2ResTime" : 8242.699999999999,
    "pct3ResTime" : 9522.370000000004,
    "throughput" : 0.31910853838716163,
    "receivedKBytesPerSec" : 0.22686622650962274,
    "sentKBytesPerSec" : 0.10595400688636226
  },
  "POST - Sign Up Seller" : {
    "transaction" : "POST - Sign Up Seller",
    "sampleCount" : 200,
    "errorCount" : 0,
    "errorPct" : 0.0,
    "meanResTime" : 4910.279999999999,
    "medianResTime" : 4463.0,
    "minResTime" : 794.0,
    "maxResTime" : 10794.0,
    "pct1ResTime" : 9072.0,
    "pct2ResTime" : 9347.85,
    "pct3ResTime" : 10770.11000000001,
    "throughput" : 0.3171175285128298,
    "receivedKBytesPerSec" : 0.17837860978846673,
    "sentKBytesPerSec" : 0.42793523984391474
  },
  "GET - List Product" : {
    "transaction" : "GET - List Product",
    "sampleCount" : 200,
    "errorCount" : 0,
    "errorPct" : 0.0,
    "meanResTime" : 3001.870000000001,
    "medianResTime" : 2530.0,
    "minResTime" : 1009.0,
    "maxResTime" : 9264.0,
    "pct1ResTime" : 5242.3,
    "pct2ResTime" : 5919.549999999998,
    "pct3ResTime" : 7743.810000000002,
    "throughput" : 0.31949800473496043,
    "receivedKBytesPerSec" : 0.2277671322817589,
    "sentKBytesPerSec" : 0.10421126326316092
  },
  "Total" : {
    "transaction" : "Total",
    "sampleCount" : 3000,
    "errorCount" : 0,
    "errorPct" : 0.0,
    "meanResTime" : 4416.362999999999,
    "medianResTime" : 3725.0,
    "minResTime" : 247.0,
    "maxResTime" : 15803.0,
    "pct1ResTime" : 8492.7,
    "pct2ResTime" : 9987.9,
    "pct3ResTime" : 12719.98,
    "throughput" : 4.498277159847778,
    "receivedKBytesPerSec" : 3.105744093762089,
    "sentKBytesPerSec" : 62.668615107913666
  },
  "GET - Product List By ID" : {
    "transaction" : "GET - Product List By ID",
    "sampleCount" : 200,
    "errorCount" : 0,
    "errorPct" : 0.0,
    "meanResTime" : 2103.629999999998,
    "medianResTime" : 2001.5,
    "minResTime" : 251.0,
    "maxResTime" : 5472.0,
    "pct1ResTime" : 3485.8,
    "pct2ResTime" : 3762.2999999999997,
    "pct3ResTime" : 4749.450000000003,
    "throughput" : 0.32403829484568486,
    "receivedKBytesPerSec" : 0.2806855151641821,
    "sentKBytesPerSec" : 0.10695795279086082
  },
  "GET - See Order Product by ID" : {
    "transaction" : "GET - See Order Product by ID",
    "sampleCount" : 200,
    "errorCount" : 0,
    "errorPct" : 0.0,
    "meanResTime" : 2382.824999999999,
    "medianResTime" : 2014.5,
    "minResTime" : 247.0,
    "maxResTime" : 11022.0,
    "pct1ResTime" : 4245.900000000001,
    "pct2ResTime" : 4961.849999999998,
    "pct3ResTime" : 7264.140000000003,
    "throughput" : 0.33237719493590107,
    "receivedKBytesPerSec" : 0.3882061768977907,
    "sentKBytesPerSec" : 0.10808750577505376
  },
  "PUT - Changes Order" : {
    "transaction" : "PUT - Changes Order",
    "sampleCount" : 200,
    "errorCount" : 0,
    "errorPct" : 0.0,
    "meanResTime" : 5983.025,
    "medianResTime" : 4937.5,
    "minResTime" : 253.0,
    "maxResTime" : 14783.0,
    "pct1ResTime" : 10764.7,
    "pct2ResTime" : 12709.199999999995,
    "pct3ResTime" : 14014.91,
    "throughput" : 0.333078528259215,
    "receivedKBytesPerSec" : 0.21598060816808476,
    "sentKBytesPerSec" : 0.13498788010505297
  },
  "POST - Sign Up Buyer" : {
    "transaction" : "POST - Sign Up Buyer",
    "sampleCount" : 200,
    "errorCount" : 0,
    "errorPct" : 0.0,
    "meanResTime" : 4492.57,
    "medianResTime" : 4441.5,
    "minResTime" : 1191.0,
    "maxResTime" : 11528.0,
    "pct1ResTime" : 6025.7,
    "pct2ResTime" : 8006.099999999999,
    "pct3ResTime" : 11260.150000000014,